"","ubigeo","AGRUPACION","TOTAL_VOTOS","DESC_DEP","CDGO_PADRE"
"1",10000,"PARTIDO NACIONALISTA PERUANO","15,642","AMAZONAS","000000"
"2",10000,"EL FRENTE AMPLIO POR JUSTICIA, VIDA Y LIBERTAD","1,285","AMAZONAS","000000"
"3",10000,"PARTIDO MORADO","1,858","AMAZONAS","000000"
"4",10000,"PERU PATRIA SEGURA","279","AMAZONAS","000000"
"5",10000,"VICTORIA NACIONAL","4,374","AMAZONAS","000000"
"6",10000,"ACCION POPULAR","12,703","AMAZONAS","000000"
"7",10000,"AVANZA PAIS - PARTIDO DE INTEGRACION SOCIAL","4,433","AMAZONAS","000000"
"8",10000,"PODEMOS PERU","4,937","AMAZONAS","000000"
"9",10000,"JUNTOS POR EL PERU","8,894","AMAZONAS","000000"
"10",10000,"PARTIDO POPULAR CRISTIANO - PPC","492","AMAZONAS","000000"
"11",10000,"FUERZA POPULAR","17,815","AMAZONAS","000000"
"12",10000,"UNION POR EL PERU","2,284","AMAZONAS","000000"
"13",10000,"RENOVACION POPULAR","8,274","AMAZONAS","000000"
"14",10000,"RENACIMIENTO UNIDO NACIONAL","774","AMAZONAS","000000"
"15",10000,"PARTIDO DEMOCRATICO SOMOS PERU","1,926","AMAZONAS","000000"
"16",10000,"PARTIDO POLITICO NACIONAL PERU LIBRE","34,464","AMAZONAS","000000"
"17",10000,"DEMOCRACIA DIRECTA","234","AMAZONAS","000000"
"18",10000,"ALIANZA PARA EL PROGRESO","11,531","AMAZONAS","000000"
"19",10000,"TOTAL DE VOTOS VÁLIDOS","132,199","AMAZONAS","000000"
"20",10000,"VOTOS EN BLANCO","37,376","AMAZONAS","000000"
"21",10000,"VOTOS NULOS","14,482","AMAZONAS","000000"
"22",10000,"TOTAL DE VOTOS EMITIDOS","184,057","AMAZONAS","000000"
"23",20000,"PARTIDO NACIONALISTA PERUANO","6,069","ANCASH","000000"
"24",20000,"EL FRENTE AMPLIO POR JUSTICIA, VIDA Y LIBERTAD","3,638","ANCASH","000000"
"25",20000,"PARTIDO MORADO","7,307","ANCASH","000000"
"26",20000,"PERU PATRIA SEGURA","2,105","ANCASH","000000"
"27",20000,"VICTORIA NACIONAL","28,405","ANCASH","000000"
"28",20000,"ACCION POPULAR","38,911","ANCASH","000000"
"29",20000,"AVANZA PAIS - PARTIDO DE INTEGRACION SOCIAL","34,562","ANCASH","000000"
"30",20000,"PODEMOS PERU","23,957","ANCASH","000000"
"31",20000,"JUNTOS POR EL PERU","39,786","ANCASH","000000"
"32",20000,"PARTIDO POPULAR CRISTIANO - PPC","5,111","ANCASH","000000"
"33",20000,"FUERZA POPULAR","67,394","ANCASH","000000"
"34",20000,"UNION POR EL PERU","2,668","ANCASH","000000"
"35",20000,"RENOVACION POPULAR","42,312","ANCASH","000000"
"36",20000,"RENACIMIENTO UNIDO NACIONAL","2,540","ANCASH","000000"
"37",20000,"PARTIDO DEMOCRATICO SOMOS PERU","10,554","ANCASH","000000"
"38",20000,"PARTIDO POLITICO NACIONAL PERU LIBRE","110,620","ANCASH","000000"
"39",20000,"DEMOCRACIA DIRECTA","1,799","ANCASH","000000"
"40",20000,"ALIANZA PARA EL PROGRESO","44,047","ANCASH","000000"
"41",20000,"TOTAL DE VOTOS VÁLIDOS","471,785","ANCASH","000000"
"42",20000,"VOTOS EN BLANCO","92,664","ANCASH","000000"
"43",20000,"VOTOS NULOS","49,401","ANCASH","000000"
"44",20000,"TOTAL DE VOTOS EMITIDOS","613,850","ANCASH","000000"
"45",30000,"PARTIDO NACIONALISTA PERUANO","4,429","APURIMAC","000000"
"46",30000,"EL FRENTE AMPLIO POR JUSTICIA, VIDA Y LIBERTAD","1,158","APURIMAC","000000"
"47",30000,"PARTIDO MORADO","1,687","APURIMAC","000000"
"48",30000,"PERU PATRIA SEGURA","388","APURIMAC","000000"
"49",30000,"VICTORIA NACIONAL","2,392","APURIMAC","000000"
"50",30000,"ACCION POPULAR","15,649","APURIMAC","000000"
"51",30000,"AVANZA PAIS - PARTIDO DE INTEGRACION SOCIAL","6,531","APURIMAC","000000"
"52",30000,"PODEMOS PERU","2,376","APURIMAC","000000"
"53",30000,"JUNTOS POR EL PERU","15,368","APURIMAC","000000"
"54",30000,"PARTIDO POPULAR CRISTIANO - PPC","484","APURIMAC","000000"
"55",30000,"FUERZA POPULAR","10,879","APURIMAC","000000"
"56",30000,"UNION POR EL PERU","2,909","APURIMAC","000000"
"57",30000,"RENOVACION POPULAR","7,768","APURIMAC","000000"
"58",30000,"RENACIMIENTO UNIDO NACIONAL","1,735","APURIMAC","000000"
"59",30000,"PARTIDO DEMOCRATICO SOMOS PERU","873","APURIMAC","000000"
"60",30000,"PARTIDO POLITICO NACIONAL PERU LIBRE","88,812","APURIMAC","000000"
"61",30000,"DEMOCRACIA DIRECTA","594","APURIMAC","000000"
"62",30000,"ALIANZA PARA EL PROGRESO","2,154","APURIMAC","000000"
"63",30000,"TOTAL DE VOTOS VÁLIDOS","166,186","APURIMAC","000000"
"64",30000,"VOTOS EN BLANCO","41,563","APURIMAC","000000"
"65",30000,"VOTOS NULOS","11,511","APURIMAC","000000"
"66",30000,"TOTAL DE VOTOS EMITIDOS","219,260","APURIMAC","000000"
"67",40000,"PARTIDO NACIONALISTA PERUANO","7,735","AREQUIPA","000000"
"68",40000,"EL FRENTE AMPLIO POR JUSTICIA, VIDA Y LIBERTAD","3,237","AREQUIPA","000000"
"69",40000,"PARTIDO MORADO","13,819","AREQUIPA","000000"
"70",40000,"PERU PATRIA SEGURA","2,827","AREQUIPA","000000"
"71",40000,"VICTORIA NACIONAL","32,086","AREQUIPA","000000"
"72",40000,"ACCION POPULAR","88,708","AREQUIPA","000000"
"73",40000,"AVANZA PAIS - PARTIDO DE INTEGRACION SOCIAL","148,793","AREQUIPA","000000"
"74",40000,"PODEMOS PERU","24,644","AREQUIPA","000000"
"75",40000,"JUNTOS POR EL PERU","55,269","AREQUIPA","000000"
"76",40000,"PARTIDO POPULAR CRISTIANO - PPC","10,227","AREQUIPA","000000"
"77",40000,"FUERZA POPULAR","40,216","AREQUIPA","000000"
"78",40000,"UNION POR EL PERU","5,976","AREQUIPA","000000"
"79",40000,"RENOVACION POPULAR","71,053","AREQUIPA","000000"
"80",40000,"RENACIMIENTO UNIDO NACIONAL","4,863","AREQUIPA","000000"
"81",40000,"PARTIDO DEMOCRATICO SOMOS PERU","8,664","AREQUIPA","000000"
"82",40000,"PARTIDO POLITICO NACIONAL PERU LIBRE","256,224","AREQUIPA","000000"
"83",40000,"DEMOCRACIA DIRECTA","2,580","AREQUIPA","000000"
"84",40000,"ALIANZA PARA EL PROGRESO","18,790","AREQUIPA","000000"
"85",40000,"TOTAL DE VOTOS VÁLIDOS","795,711","AREQUIPA","000000"
"86",40000,"VOTOS EN BLANCO","67,914","AREQUIPA","000000"
"87",40000,"VOTOS NULOS","38,618","AREQUIPA","000000"
"88",40000,"TOTAL DE VOTOS EMITIDOS","902,243","AREQUIPA","000000"
"89",50000,"PARTIDO NACIONALISTA PERUANO","8,753","AYACUCHO","000000"
"90",50000,"EL FRENTE AMPLIO POR JUSTICIA, VIDA Y LIBERTAD","2,000","AYACUCHO","000000"
"91",50000,"PARTIDO MORADO","2,340","AYACUCHO","000000"
"92",50000,"PERU PATRIA SEGURA","519","AYACUCHO","000000"
"93",50000,"VICTORIA NACIONAL","5,156","AYACUCHO","000000"
"94",50000,"ACCION POPULAR","20,315","AYACUCHO","000000"
"95",50000,"AVANZA PAIS - PARTIDO DE INTEGRACION SOCIAL","8,995","AYACUCHO","000000"
"96",50000,"PODEMOS PERU","4,187","AYACUCHO","000000"
"97",50000,"JUNTOS POR EL PERU","24,506","AYACUCHO","000000"
"98",50000,"PARTIDO POPULAR CRISTIANO - PPC","938","AYACUCHO","000000"
"99",50000,"FUERZA POPULAR","17,751","AYACUCHO","000000"
"100",50000,"UNION POR EL PERU","2,535","AYACUCHO","000000"
"101",50000,"RENOVACION POPULAR","11,490","AYACUCHO","000000"
"102",50000,"RENACIMIENTO UNIDO NACIONAL","3,152","AYACUCHO","000000"
"103",50000,"PARTIDO DEMOCRATICO SOMOS PERU","2,116","AYACUCHO","000000"
"104",50000,"PARTIDO POLITICO NACIONAL PERU LIBRE","130,224","AYACUCHO","000000"
"105",50000,"DEMOCRACIA DIRECTA","682","AYACUCHO","000000"
"106",50000,"ALIANZA PARA EL PROGRESO","4,891","AYACUCHO","000000"
"107",50000,"TOTAL DE VOTOS VÁLIDOS","250,550","AYACUCHO","000000"
"108",50000,"VOTOS EN BLANCO","57,804","AYACUCHO","000000"
"109",50000,"VOTOS NULOS","16,467","AYACUCHO","000000"
"110",50000,"TOTAL DE VOTOS EMITIDOS","324,821","AYACUCHO","000000"
"111",60000,"PARTIDO NACIONALISTA PERUANO","9,908","CAJAMARCA","000000"
"112",60000,"EL FRENTE AMPLIO POR JUSTICIA, VIDA Y LIBERTAD","3,272","CAJAMARCA","000000"
"113",60000,"PARTIDO MORADO","5,470","CAJAMARCA","000000"
"114",60000,"PERU PATRIA SEGURA","1,074","CAJAMARCA","000000"
"115",60000,"VICTORIA NACIONAL","14,798","CAJAMARCA","000000"
"116",60000,"ACCION POPULAR","38,677","CAJAMARCA","000000"
"117",60000,"AVANZA PAIS - PARTIDO DE INTEGRACION SOCIAL","25,156","CAJAMARCA","000000"
"118",60000,"PODEMOS PERU","11,204","CAJAMARCA","000000"
"119",60000,"JUNTOS POR EL PERU","29,746","CAJAMARCA","000000"
"120",60000,"PARTIDO POPULAR CRISTIANO - PPC","2,350","CAJAMARCA","000000"
"121",60000,"FUERZA POPULAR","54,962","CAJAMARCA","000000"
"122",60000,"UNION POR EL PERU","1,466","CAJAMARCA","000000"
"123",60000,"RENOVACION POPULAR","31,129","CAJAMARCA","000000"
"124",60000,"RENACIMIENTO UNIDO NACIONAL","3,501","CAJAMARCA","000000"
"125",60000,"PARTIDO DEMOCRATICO SOMOS PERU","7,627","CAJAMARCA","000000"
"126",60000,"PARTIDO POLITICO NACIONAL PERU LIBRE","232,418","CAJAMARCA","000000"
"127",60000,"DEMOCRACIA DIRECTA","1,282","CAJAMARCA","000000"
"128",60000,"ALIANZA PARA EL PROGRESO","43,422","CAJAMARCA","000000"
"129",60000,"TOTAL DE VOTOS VÁLIDOS","517,462","CAJAMARCA","000000"
"130",60000,"VOTOS EN BLANCO","126,202","CAJAMARCA","000000"
"131",60000,"VOTOS NULOS","46,983","CAJAMARCA","000000"
"132",60000,"TOTAL DE VOTOS EMITIDOS","690,647","CAJAMARCA","000000"
"133",70000,"PARTIDO NACIONALISTA PERUANO","6,907","CUSCO","000000"
"134",70000,"EL FRENTE AMPLIO POR JUSTICIA, VIDA Y LIBERTAD","5,756","CUSCO","000000"
"135",70000,"PARTIDO MORADO","9,232","CUSCO","000000"
"136",70000,"PERU PATRIA SEGURA","2,076","CUSCO","000000"
"137",70000,"VICTORIA NACIONAL","14,033","CUSCO","000000"
"138",70000,"ACCION POPULAR","60,659","CUSCO","000000"
"139",70000,"AVANZA PAIS - PARTIDO DE INTEGRACION SOCIAL","40,423","CUSCO","000000"
"140",70000,"PODEMOS PERU","8,648","CUSCO","000000"
"141",70000,"JUNTOS POR EL PERU","123,397","CUSCO","000000"
"142",70000,"PARTIDO POPULAR CRISTIANO - PPC","6,227","CUSCO","000000"
"143",70000,"FUERZA POPULAR","27,132","CUSCO","000000"
"144",70000,"UNION POR EL PERU","6,864","CUSCO","000000"
"145",70000,"RENOVACION POPULAR","29,618","CUSCO","000000"
"146",70000,"RENACIMIENTO UNIDO NACIONAL","8,006","CUSCO","000000"
"147",70000,"PARTIDO DEMOCRATICO SOMOS PERU","5,695","CUSCO","000000"
"148",70000,"PARTIDO POLITICO NACIONAL PERU LIBRE","232,178","CUSCO","000000"
"149",70000,"DEMOCRACIA DIRECTA","5,148","CUSCO","000000"
"150",70000,"ALIANZA PARA EL PROGRESO","16,034","CUSCO","000000"
"151",70000,"TOTAL DE VOTOS VÁLIDOS","608,033","CUSCO","000000"
"152",70000,"VOTOS EN BLANCO","100,631","CUSCO","000000"
"153",70000,"VOTOS NULOS","45,138","CUSCO","000000"
"154",70000,"TOTAL DE VOTOS EMITIDOS","753,802","CUSCO","000000"
"155",80000,"PARTIDO NACIONALISTA PERUANO","5,338","HUANCAVELICA","000000"
"156",80000,"EL FRENTE AMPLIO POR JUSTICIA, VIDA Y LIBERTAD","1,564","HUANCAVELICA","000000"
"157",80000,"PARTIDO MORADO","1,464","HUANCAVELICA","000000"
"158",80000,"PERU PATRIA SEGURA","285","HUANCAVELICA","000000"
"159",80000,"VICTORIA NACIONAL","2,515","HUANCAVELICA","000000"
"160",80000,"ACCION POPULAR","16,727","HUANCAVELICA","000000"
"161",80000,"AVANZA PAIS - PARTIDO DE INTEGRACION SOCIAL","4,591","HUANCAVELICA","000000"
"162",80000,"PODEMOS PERU","1,504","HUANCAVELICA","000000"
"163",80000,"JUNTOS POR EL PERU","10,091","HUANCAVELICA","000000"
"164",80000,"PARTIDO POPULAR CRISTIANO - PPC","404","HUANCAVELICA","000000"
"165",80000,"FUERZA POPULAR","8,449","HUANCAVELICA","000000"
"166",80000,"UNION POR EL PERU","2,146","HUANCAVELICA","000000"
"167",80000,"RENOVACION POPULAR","5,060","HUANCAVELICA","000000"
"168",80000,"RENACIMIENTO UNIDO NACIONAL","3,198","HUANCAVELICA","000000"
"169",80000,"PARTIDO DEMOCRATICO SOMOS PERU","1,405","HUANCAVELICA","000000"
"170",80000,"PARTIDO POLITICO NACIONAL PERU LIBRE","79,895","HUANCAVELICA","000000"
"171",80000,"DEMOCRACIA DIRECTA","439","HUANCAVELICA","000000"
"172",80000,"ALIANZA PARA EL PROGRESO","2,312","HUANCAVELICA","000000"
"173",80000,"TOTAL DE VOTOS VÁLIDOS","147,387","HUANCAVELICA","000000"
"174",80000,"VOTOS EN BLANCO","43,523","HUANCAVELICA","000000"
"175",80000,"VOTOS NULOS","11,640","HUANCAVELICA","000000"
"176",80000,"TOTAL DE VOTOS EMITIDOS","202,550","HUANCAVELICA","000000"
"177",90000,"PARTIDO NACIONALISTA PERUANO","6,708","HUANUCO","000000"
"178",90000,"EL FRENTE AMPLIO POR JUSTICIA, VIDA Y LIBERTAD","1,276","HUANUCO","000000"
"179",90000,"PARTIDO MORADO","2,618","HUANUCO","000000"
"180",90000,"PERU PATRIA SEGURA","795","HUANUCO","000000"
"181",90000,"VICTORIA NACIONAL","12,667","HUANUCO","000000"
"182",90000,"ACCION POPULAR","22,565","HUANUCO","000000"
"183",90000,"AVANZA PAIS - PARTIDO DE INTEGRACION SOCIAL","15,822","HUANUCO","000000"
"184",90000,"PODEMOS PERU","7,820","HUANUCO","000000"
"185",90000,"JUNTOS POR EL PERU","15,556","HUANUCO","000000"
"186",90000,"PARTIDO POPULAR CRISTIANO - PPC","1,541","HUANUCO","000000"
"187",90000,"FUERZA POPULAR","32,827","HUANUCO","000000"
"188",90000,"UNION POR EL PERU","3,781","HUANUCO","000000"
"189",90000,"RENOVACION POPULAR","33,787","HUANUCO","000000"
"190",90000,"RENACIMIENTO UNIDO NACIONAL","1,928","HUANUCO","000000"
"191",90000,"PARTIDO DEMOCRATICO SOMOS PERU","7,035","HUANUCO","000000"
"192",90000,"PARTIDO POLITICO NACIONAL PERU LIBRE","110,978","HUANUCO","000000"
"193",90000,"DEMOCRACIA DIRECTA","964","HUANUCO","000000"
"194",90000,"ALIANZA PARA EL PROGRESO","16,555","HUANUCO","000000"
"195",90000,"TOTAL DE VOTOS VÁLIDOS","295,223","HUANUCO","000000"
"196",90000,"VOTOS EN BLANCO","78,736","HUANUCO","000000"
"197",90000,"VOTOS NULOS","26,421","HUANUCO","000000"
"198",90000,"TOTAL DE VOTOS EMITIDOS","400,380","HUANUCO","000000"
"199",100000,"PARTIDO NACIONALISTA PERUANO","4,514","ICA","000000"
"200",100000,"EL FRENTE AMPLIO POR JUSTICIA, VIDA Y LIBERTAD","2,128","ICA","000000"
"201",100000,"PARTIDO MORADO","7,686","ICA","000000"
"202",100000,"PERU PATRIA SEGURA","1,394","ICA","000000"
"203",100000,"VICTORIA NACIONAL","34,862","ICA","000000"
"204",100000,"ACCION POPULAR","39,475","ICA","000000"
"205",100000,"AVANZA PAIS - PARTIDO DE INTEGRACION SOCIAL","39,949","ICA","000000"
"206",100000,"PODEMOS PERU","45,165","ICA","000000"
"207",100000,"JUNTOS POR EL PERU","30,611","ICA","000000"
"208",100000,"PARTIDO POPULAR CRISTIANO - PPC","6,860","ICA","000000"
"209",100000,"FUERZA POPULAR","62,102","ICA","000000"
"210",100000,"UNION POR EL PERU","2,423","ICA","000000"
"211",100000,"RENOVACION POPULAR","46,116","ICA","000000"
"212",100000,"RENACIMIENTO UNIDO NACIONAL","2,295","ICA","000000"
"213",100000,"PARTIDO DEMOCRATICO SOMOS PERU","5,805","ICA","000000"
"214",100000,"PARTIDO POLITICO NACIONAL PERU LIBRE","56,627","ICA","000000"
"215",100000,"DEMOCRACIA DIRECTA","1,086","ICA","000000"
"216",100000,"ALIANZA PARA EL PROGRESO","16,716","ICA","000000"
"217",100000,"TOTAL DE VOTOS VÁLIDOS","405,814","ICA","000000"
"218",100000,"VOTOS EN BLANCO","58,926","ICA","000000"
"219",100000,"VOTOS NULOS","30,129","ICA","000000"
"220",100000,"TOTAL DE VOTOS EMITIDOS","494,869","ICA","000000"
"221",110000,"PARTIDO NACIONALISTA PERUANO","12,640","JUNIN","000000"
"222",110000,"EL FRENTE AMPLIO POR JUSTICIA, VIDA Y LIBERTAD","3,555","JUNIN","000000"
"223",110000,"PARTIDO MORADO","11,070","JUNIN","000000"
"224",110000,"PERU PATRIA SEGURA","2,402","JUNIN","000000"
"225",110000,"VICTORIA NACIONAL","27,777","JUNIN","000000"
"226",110000,"ACCION POPULAR","66,214","JUNIN","000000"
"227",110000,"AVANZA PAIS - PARTIDO DE INTEGRACION SOCIAL","54,124","JUNIN","000000"
"228",110000,"PODEMOS PERU","18,611","JUNIN","000000"
"229",110000,"JUNTOS POR EL PERU","52,270","JUNIN","000000"
"230",110000,"PARTIDO POPULAR CRISTIANO - PPC","6,504","JUNIN","000000"
"231",110000,"FUERZA POPULAR","80,057","JUNIN","000000"
"232",110000,"UNION POR EL PERU","8,962","JUNIN","000000"
"233",110000,"RENOVACION POPULAR","52,599","JUNIN","000000"
"234",110000,"RENACIMIENTO UNIDO NACIONAL","12,798","JUNIN","000000"
"235",110000,"PARTIDO DEMOCRATICO SOMOS PERU","8,093","JUNIN","000000"
"236",110000,"PARTIDO POLITICO NACIONAL PERU LIBRE","131,438","JUNIN","000000"
"237",110000,"DEMOCRACIA DIRECTA","2,733","JUNIN","000000"
"238",110000,"ALIANZA PARA EL PROGRESO","22,251","JUNIN","000000"
"239",110000,"TOTAL DE VOTOS VÁLIDOS","574,098","JUNIN","000000"
"240",110000,"VOTOS EN BLANCO","94,049","JUNIN","000000"
"241",110000,"VOTOS NULOS","38,624","JUNIN","000000"
"242",110000,"TOTAL DE VOTOS EMITIDOS","706,771","JUNIN","000000"
"243",120000,"PARTIDO NACIONALISTA PERUANO","4,597","LA LIBERTAD","000000"
"244",120000,"EL FRENTE AMPLIO POR JUSTICIA, VIDA Y LIBERTAD","2,842","LA LIBERTAD","000000"
"245",120000,"PARTIDO MORADO","13,202","LA LIBERTAD","000000"
"246",120000,"PERU PATRIA SEGURA","2,993","LA LIBERTAD","000000"
"247",120000,"VICTORIA NACIONAL","36,355","LA LIBERTAD","000000"
"248",120000,"ACCION POPULAR","47,322","LA LIBERTAD","000000"
"249",120000,"AVANZA PAIS - PARTIDO DE INTEGRACION SOCIAL","84,566","LA LIBERTAD","000000"
"250",120000,"PODEMOS PERU","40,107","LA LIBERTAD","000000"
"251",120000,"JUNTOS POR EL PERU","37,474","LA LIBERTAD","000000"
"252",120000,"PARTIDO POPULAR CRISTIANO - PPC","8,402","LA LIBERTAD","000000"
"253",120000,"FUERZA POPULAR","131,866","LA LIBERTAD","000000"
"254",120000,"UNION POR EL PERU","2,885","LA LIBERTAD","000000"
"255",120000,"RENOVACION POPULAR","95,973","LA LIBERTAD","000000"
"256",120000,"RENACIMIENTO UNIDO NACIONAL","2,485","LA LIBERTAD","000000"
"257",120000,"PARTIDO DEMOCRATICO SOMOS PERU","13,513","LA LIBERTAD","000000"
"258",120000,"PARTIDO POLITICO NACIONAL PERU LIBRE","90,324","LA LIBERTAD","000000"
"259",120000,"DEMOCRACIA DIRECTA","3,159","LA LIBERTAD","000000"
"260",120000,"ALIANZA PARA EL PROGRESO","166,783","LA LIBERTAD","000000"
"261",120000,"TOTAL DE VOTOS VÁLIDOS","784,848","LA LIBERTAD","000000"
"262",120000,"VOTOS EN BLANCO","130,230","LA LIBERTAD","000000"
"263",120000,"VOTOS NULOS","70,217","LA LIBERTAD","000000"
"264",120000,"TOTAL DE VOTOS EMITIDOS","985,295","LA LIBERTAD","000000"
"265",130000,"PARTIDO NACIONALISTA PERUANO","4,481","LAMBAYEQUE","000000"
"266",130000,"EL FRENTE AMPLIO POR JUSTICIA, VIDA Y LIBERTAD","1,546","LAMBAYEQUE","000000"
"267",130000,"PARTIDO MORADO","9,605","LAMBAYEQUE","000000"
"268",130000,"PERU PATRIA SEGURA","2,237","LAMBAYEQUE","000000"
"269",130000,"VICTORIA NACIONAL","25,800","LAMBAYEQUE","000000"
"270",130000,"ACCION POPULAR","51,467","LAMBAYEQUE","000000"
"271",130000,"AVANZA PAIS - PARTIDO DE INTEGRACION SOCIAL","50,087","LAMBAYEQUE","000000"
"272",130000,"PODEMOS PERU","27,231","LAMBAYEQUE","000000"
"273",130000,"JUNTOS POR EL PERU","28,866","LAMBAYEQUE","000000"
"274",130000,"PARTIDO POPULAR CRISTIANO - PPC","7,813","LAMBAYEQUE","000000"
"275",130000,"FUERZA POPULAR","121,263","LAMBAYEQUE","000000"
"276",130000,"UNION POR EL PERU","2,332","LAMBAYEQUE","000000"
"277",130000,"RENOVACION POPULAR","86,126","LAMBAYEQUE","000000"
"278",130000,"RENACIMIENTO UNIDO NACIONAL","1,882","LAMBAYEQUE","000000"
"279",130000,"PARTIDO DEMOCRATICO SOMOS PERU","12,005","LAMBAYEQUE","000000"
"280",130000,"PARTIDO POLITICO NACIONAL PERU LIBRE","73,279","LAMBAYEQUE","000000"
"281",130000,"DEMOCRACIA DIRECTA","1,699","LAMBAYEQUE","000000"
"282",130000,"ALIANZA PARA EL PROGRESO","58,849","LAMBAYEQUE","000000"
"283",130000,"TOTAL DE VOTOS VÁLIDOS","566,568","LAMBAYEQUE","000000"
"284",130000,"VOTOS EN BLANCO","86,131","LAMBAYEQUE","000000"
"285",130000,"VOTOS NULOS","45,351","LAMBAYEQUE","000000"
"286",130000,"TOTAL DE VOTOS EMITIDOS","698,050","LAMBAYEQUE","000000"
"287",140000,"PARTIDO NACIONALISTA PERUANO","42,762","LIMA","000000"
"288",140000,"EL FRENTE AMPLIO POR JUSTICIA, VIDA Y LIBERTAD","16,985","LIMA","000000"
"289",140000,"PARTIDO MORADO","181,131","LIMA","000000"
"290",140000,"PERU PATRIA SEGURA","24,343","LIMA","000000"
"291",140000,"VICTORIA NACIONAL","387,931","LIMA","000000"
"292",140000,"ACCION POPULAR","362,881","LIMA","000000"
"293",140000,"AVANZA PAIS - PARTIDO DE INTEGRACION SOCIAL","871,000","LIMA","000000"
"294",140000,"PODEMOS PERU","407,004","LIMA","000000"
"295",140000,"JUNTOS POR EL PERU","431,633","LIMA","000000"
"296",140000,"PARTIDO POPULAR CRISTIANO - PPC","180,602","LIMA","000000"
"297",140000,"FUERZA POPULAR","754,216","LIMA","000000"
"298",140000,"UNION POR EL PERU","28,166","LIMA","000000"
"299",140000,"RENOVACION POPULAR","870,416","LIMA","000000"
"300",140000,"RENACIMIENTO UNIDO NACIONAL","22,081","LIMA","000000"
"301",140000,"PARTIDO DEMOCRATICO SOMOS PERU","88,536","LIMA","000000"
"302",140000,"PARTIDO POLITICO NACIONAL PERU LIBRE","416,743","LIMA","000000"
"303",140000,"DEMOCRACIA DIRECTA","17,554","LIMA","000000"
"304",140000,"ALIANZA PARA EL PROGRESO","206,522","LIMA","000000"
"305",140000,"TOTAL DE VOTOS VÁLIDOS","5,310,506","LIMA","000000"
"306",140000,"VOTOS EN BLANCO","541,365","LIMA","000000"
"307",140000,"VOTOS NULOS","354,349","LIMA","000000"
"308",140000,"TOTAL DE VOTOS EMITIDOS","6,206,220","LIMA","000000"
"309",150000,"PARTIDO NACIONALISTA PERUANO","24,985","LORETO","000000"
"310",150000,"EL FRENTE AMPLIO POR JUSTICIA, VIDA Y LIBERTAD","1,288","LORETO","000000"
"311",150000,"PARTIDO MORADO","5,558","LORETO","000000"
"312",150000,"PERU PATRIA SEGURA","1,249","LORETO","000000"
"313",150000,"VICTORIA NACIONAL","44,235","LORETO","000000"
"314",150000,"ACCION POPULAR","34,998","LORETO","000000"
"315",150000,"AVANZA PAIS - PARTIDO DE INTEGRACION SOCIAL","18,846","LORETO","000000"
"316",150000,"PODEMOS PERU","22,747","LORETO","000000"
"317",150000,"JUNTOS POR EL PERU","19,631","LORETO","000000"
"318",150000,"PARTIDO POPULAR CRISTIANO - PPC","3,575","LORETO","000000"
"319",150000,"FUERZA POPULAR","52,344","LORETO","000000"
"320",150000,"UNION POR EL PERU","1,800","LORETO","000000"
"321",150000,"RENOVACION POPULAR","16,449","LORETO","000000"
"322",150000,"RENACIMIENTO UNIDO NACIONAL","1,232","LORETO","000000"
"323",150000,"PARTIDO DEMOCRATICO SOMOS PERU","11,813","LORETO","000000"
"324",150000,"PARTIDO POLITICO NACIONAL PERU LIBRE","15,662","LORETO","000000"
"325",150000,"DEMOCRACIA DIRECTA","952","LORETO","000000"
"326",150000,"ALIANZA PARA EL PROGRESO","36,744","LORETO","000000"
"327",150000,"TOTAL DE VOTOS VÁLIDOS","314,108","LORETO","000000"
"328",150000,"VOTOS EN BLANCO","82,521","LORETO","000000"
"329",150000,"VOTOS NULOS","29,854","LORETO","000000"
"330",150000,"TOTAL DE VOTOS EMITIDOS","426,483","LORETO","000000"
"331",160000,"PARTIDO NACIONALISTA PERUANO","756","MADRE DE DIOS","000000"
"332",160000,"EL FRENTE AMPLIO POR JUSTICIA, VIDA Y LIBERTAD","235","MADRE DE DIOS","000000"
"333",160000,"PARTIDO MORADO","708","MADRE DE DIOS","000000"
"334",160000,"PERU PATRIA SEGURA","211","MADRE DE DIOS","000000"
"335",160000,"VICTORIA NACIONAL","3,000","MADRE DE DIOS","000000"
"336",160000,"ACCION POPULAR","6,601","MADRE DE DIOS","000000"
"337",160000,"AVANZA PAIS - PARTIDO DE INTEGRACION SOCIAL","3,996","MADRE DE DIOS","000000"
"338",160000,"PODEMOS PERU","1,748","MADRE DE DIOS","000000"
"339",160000,"JUNTOS POR EL PERU","4,372","MADRE DE DIOS","000000"
"340",160000,"PARTIDO POPULAR CRISTIANO - PPC","298","MADRE DE DIOS","000000"
"341",160000,"FUERZA POPULAR","7,278","MADRE DE DIOS","000000"
"342",160000,"UNION POR EL PERU","2,820","MADRE DE DIOS","000000"
"343",160000,"RENOVACION POPULAR","4,041","MADRE DE DIOS","000000"
"344",160000,"RENACIMIENTO UNIDO NACIONAL","410","MADRE DE DIOS","000000"
"345",160000,"PARTIDO DEMOCRATICO SOMOS PERU","499","MADRE DE DIOS","000000"
"346",160000,"PARTIDO POLITICO NACIONAL PERU LIBRE","23,945","MADRE DE DIOS","000000"
"347",160000,"DEMOCRACIA DIRECTA","193","MADRE DE DIOS","000000"
"348",160000,"ALIANZA PARA EL PROGRESO","3,463","MADRE DE DIOS","000000"
"349",160000,"TOTAL DE VOTOS VÁLIDOS","64,574","MADRE DE DIOS","000000"
"350",160000,"VOTOS EN BLANCO","12,917","MADRE DE DIOS","000000"
"351",160000,"VOTOS NULOS","5,319","MADRE DE DIOS","000000"
"352",160000,"TOTAL DE VOTOS EMITIDOS","82,810","MADRE DE DIOS","000000"
"353",170000,"PARTIDO NACIONALISTA PERUANO","1,308","MOQUEGUA","000000"
"354",170000,"EL FRENTE AMPLIO POR JUSTICIA, VIDA Y LIBERTAD","416","MOQUEGUA","000000"
"355",170000,"PARTIDO MORADO","1,305","MOQUEGUA","000000"
"356",170000,"PERU PATRIA SEGURA","311","MOQUEGUA","000000"
"357",170000,"VICTORIA NACIONAL","3,847","MOQUEGUA","000000"
"358",170000,"ACCION POPULAR","15,412","MOQUEGUA","000000"
"359",170000,"AVANZA PAIS - PARTIDO DE INTEGRACION SOCIAL","10,183","MOQUEGUA","000000"
"360",170000,"PODEMOS PERU","4,923","MOQUEGUA","000000"
"361",170000,"JUNTOS POR EL PERU","7,190","MOQUEGUA","000000"
"362",170000,"PARTIDO POPULAR CRISTIANO - PPC","1,199","MOQUEGUA","000000"
"363",170000,"FUERZA POPULAR","4,617","MOQUEGUA","000000"
"364",170000,"UNION POR EL PERU","666","MOQUEGUA","000000"
"365",170000,"RENOVACION POPULAR","6,832","MOQUEGUA","000000"
"366",170000,"RENACIMIENTO UNIDO NACIONAL","497","MOQUEGUA","000000"
"367",170000,"PARTIDO DEMOCRATICO SOMOS PERU","3,024","MOQUEGUA","000000"
"368",170000,"PARTIDO POLITICO NACIONAL PERU LIBRE","33,665","MOQUEGUA","000000"
"369",170000,"DEMOCRACIA DIRECTA","287","MOQUEGUA","000000"
"370",170000,"ALIANZA PARA EL PROGRESO","2,244","MOQUEGUA","000000"
"371",170000,"TOTAL DE VOTOS VÁLIDOS","97,926","MOQUEGUA","000000"
"372",170000,"VOTOS EN BLANCO","11,894","MOQUEGUA","000000"
"373",170000,"VOTOS NULOS","4,712","MOQUEGUA","000000"
"374",170000,"TOTAL DE VOTOS EMITIDOS","114,532","MOQUEGUA","000000"
"375",180000,"PARTIDO NACIONALISTA PERUANO","2,630","PASCO","000000"
"376",180000,"EL FRENTE AMPLIO POR JUSTICIA, VIDA Y LIBERTAD","357","PASCO","000000"
"377",180000,"PARTIDO MORADO","1,531","PASCO","000000"
"378",180000,"PERU PATRIA SEGURA","256","PASCO","000000"
"379",180000,"VICTORIA NACIONAL","4,178","PASCO","000000"
"380",180000,"ACCION POPULAR","11,871","PASCO","000000"
"381",180000,"AVANZA PAIS - PARTIDO DE INTEGRACION SOCIAL","5,102","PASCO","000000"
"382",180000,"PODEMOS PERU","2,833","PASCO","000000"
"383",180000,"JUNTOS POR EL PERU","6,896","PASCO","000000"
"384",180000,"PARTIDO POPULAR CRISTIANO - PPC","734","PASCO","000000"
"385",180000,"FUERZA POPULAR","12,607","PASCO","000000"
"386",180000,"UNION POR EL PERU","825","PASCO","000000"
"387",180000,"RENOVACION POPULAR","8,009","PASCO","000000"
"388",180000,"RENACIMIENTO UNIDO NACIONAL","604","PASCO","000000"
"389",180000,"PARTIDO DEMOCRATICO SOMOS PERU","1,655","PASCO","000000"
"390",180000,"PARTIDO POLITICO NACIONAL PERU LIBRE","34,187","PASCO","000000"
"391",180000,"DEMOCRACIA DIRECTA","251","PASCO","000000"
"392",180000,"ALIANZA PARA EL PROGRESO","5,470","PASCO","000000"
"393",180000,"TOTAL DE VOTOS VÁLIDOS","99,996","PASCO","000000"
"394",180000,"VOTOS EN BLANCO","20,025","PASCO","000000"
"395",180000,"VOTOS NULOS","7,706","PASCO","000000"
"396",180000,"TOTAL DE VOTOS EMITIDOS","127,727","PASCO","000000"
"397",190000,"PARTIDO NACIONALISTA PERUANO","16,850","PIURA","000000"
"398",190000,"EL FRENTE AMPLIO POR JUSTICIA, VIDA Y LIBERTAD","3,059","PIURA","000000"
"399",190000,"PARTIDO MORADO","11,654","PIURA","000000"
"400",190000,"PERU PATRIA SEGURA","2,142","PIURA","000000"
"401",190000,"VICTORIA NACIONAL","29,700","PIURA","000000"
"402",190000,"ACCION POPULAR","51,250","PIURA","000000"
"403",190000,"AVANZA PAIS - PARTIDO DE INTEGRACION SOCIAL","63,866","PIURA","000000"
"404",190000,"PODEMOS PERU","51,135","PIURA","000000"
"405",190000,"JUNTOS POR EL PERU","44,610","PIURA","000000"
"406",190000,"PARTIDO POPULAR CRISTIANO - PPC","7,060","PIURA","000000"
"407",190000,"FUERZA POPULAR","173,933","PIURA","000000"
"408",190000,"UNION POR EL PERU","3,158","PIURA","000000"
"409",190000,"RENOVACION POPULAR","68,356","PIURA","000000"
"410",190000,"RENACIMIENTO UNIDO NACIONAL","3,146","PIURA","000000"
"411",190000,"PARTIDO DEMOCRATICO SOMOS PERU","20,604","PIURA","000000"
"412",190000,"PARTIDO POLITICO NACIONAL PERU LIBRE","71,028","PIURA","000000"
"413",190000,"DEMOCRACIA DIRECTA","2,103","PIURA","000000"
"414",190000,"ALIANZA PARA EL PROGRESO","77,291","PIURA","000000"
"415",190000,"TOTAL DE VOTOS VÁLIDOS","700,945","PIURA","000000"
"416",190000,"VOTOS EN BLANCO","147,622","PIURA","000000"
"417",190000,"VOTOS NULOS","83,619","PIURA","000000"
"418",190000,"TOTAL DE VOTOS EMITIDOS","932,186","PIURA","000000"
"419",200000,"PARTIDO NACIONALISTA PERUANO","7,237","PUNO","000000"
"420",200000,"EL FRENTE AMPLIO POR JUSTICIA, VIDA Y LIBERTAD","3,426","PUNO","000000"
"421",200000,"PARTIDO MORADO","3,621","PUNO","000000"
"422",200000,"PERU PATRIA SEGURA","1,423","PUNO","000000"
"423",200000,"VICTORIA NACIONAL","5,667","PUNO","000000"
"424",200000,"ACCION POPULAR","175,712","PUNO","000000"
"425",200000,"AVANZA PAIS - PARTIDO DE INTEGRACION SOCIAL","21,665","PUNO","000000"
"426",200000,"PODEMOS PERU","6,823","PUNO","000000"
"427",200000,"JUNTOS POR EL PERU","35,484","PUNO","000000"
"428",200000,"PARTIDO POPULAR CRISTIANO - PPC","1,962","PUNO","000000"
"429",200000,"FUERZA POPULAR","17,514","PUNO","000000"
"430",200000,"UNION POR EL PERU","5,185","PUNO","000000"
"431",200000,"RENOVACION POPULAR","15,918","PUNO","000000"
"432",200000,"RENACIMIENTO UNIDO NACIONAL","5,656","PUNO","000000"
"433",200000,"PARTIDO DEMOCRATICO SOMOS PERU","3,088","PUNO","000000"
"434",200000,"PARTIDO POLITICO NACIONAL PERU LIBRE","292,218","PUNO","000000"
"435",200000,"DEMOCRACIA DIRECTA","1,697","PUNO","000000"
"436",200000,"ALIANZA PARA EL PROGRESO","11,225","PUNO","000000"
"437",200000,"TOTAL DE VOTOS VÁLIDOS","615,521","PUNO","000000"
"438",200000,"VOTOS EN BLANCO","96,016","PUNO","000000"
"439",200000,"VOTOS NULOS","43,715","PUNO","000000"
"440",200000,"TOTAL DE VOTOS EMITIDOS","755,252","PUNO","000000"
"441",210000,"PARTIDO NACIONALISTA PERUANO","21,595","SAN MARTIN","000000"
"442",210000,"EL FRENTE AMPLIO POR JUSTICIA, VIDA Y LIBERTAD","1,065","SAN MARTIN","000000"
"443",210000,"PARTIDO MORADO","3,502","SAN MARTIN","000000"
"444",210000,"PERU PATRIA SEGURA","756","SAN MARTIN","000000"
"445",210000,"VICTORIA NACIONAL","15,114","SAN MARTIN","000000"
"446",210000,"ACCION POPULAR","31,498","SAN MARTIN","000000"
"447",210000,"AVANZA PAIS - PARTIDO DE INTEGRACION SOCIAL","21,825","SAN MARTIN","000000"
"448",210000,"PODEMOS PERU","10,244","SAN MARTIN","000000"
"449",210000,"JUNTOS POR EL PERU","17,122","SAN MARTIN","000000"
"450",210000,"PARTIDO POPULAR CRISTIANO - PPC","1,568","SAN MARTIN","000000"
"451",210000,"FUERZA POPULAR","46,699","SAN MARTIN","000000"
"452",210000,"UNION POR EL PERU","3,427","SAN MARTIN","000000"
"453",210000,"RENOVACION POPULAR","26,561","SAN MARTIN","000000"
"454",210000,"RENACIMIENTO UNIDO NACIONAL","1,650","SAN MARTIN","000000"
"455",210000,"PARTIDO DEMOCRATICO SOMOS PERU","5,996","SAN MARTIN","000000"
"456",210000,"PARTIDO POLITICO NACIONAL PERU LIBRE","67,000","SAN MARTIN","000000"
"457",210000,"DEMOCRACIA DIRECTA","791","SAN MARTIN","000000"
"458",210000,"ALIANZA PARA EL PROGRESO","37,057","SAN MARTIN","000000"
"459",210000,"TOTAL DE VOTOS VÁLIDOS","313,470","SAN MARTIN","000000"
"460",210000,"VOTOS EN BLANCO","89,963","SAN MARTIN","000000"
"461",210000,"VOTOS NULOS","36,696","SAN MARTIN","000000"
"462",210000,"TOTAL DE VOTOS EMITIDOS","440,129","SAN MARTIN","000000"
"463",220000,"PARTIDO NACIONALISTA PERUANO","4,410","TACNA","000000"
"464",220000,"EL FRENTE AMPLIO POR JUSTICIA, VIDA Y LIBERTAD","1,020","TACNA","000000"
"465",220000,"PARTIDO MORADO","3,197","TACNA","000000"
"466",220000,"PERU PATRIA SEGURA","651","TACNA","000000"
"467",220000,"VICTORIA NACIONAL","8,061","TACNA","000000"
"468",220000,"ACCION POPULAR","28,696","TACNA","000000"
"469",220000,"AVANZA PAIS - PARTIDO DE INTEGRACION SOCIAL","21,000","TACNA","000000"
"470",220000,"PODEMOS PERU","8,889","TACNA","000000"
"471",220000,"JUNTOS POR EL PERU","14,068","TACNA","000000"
"472",220000,"PARTIDO POPULAR CRISTIANO - PPC","2,806","TACNA","000000"
"473",220000,"FUERZA POPULAR","9,363","TACNA","000000"
"474",220000,"UNION POR EL PERU","1,508","TACNA","000000"
"475",220000,"RENOVACION POPULAR","17,842","TACNA","000000"
"476",220000,"RENACIMIENTO UNIDO NACIONAL","990","TACNA","000000"
"477",220000,"PARTIDO DEMOCRATICO SOMOS PERU","2,307","TACNA","000000"
"478",220000,"PARTIDO POLITICO NACIONAL PERU LIBRE","64,521","TACNA","000000"
"479",220000,"DEMOCRACIA DIRECTA","522","TACNA","000000"
"480",220000,"ALIANZA PARA EL PROGRESO","4,418","TACNA","000000"
"481",220000,"TOTAL DE VOTOS VÁLIDOS","194,269","TACNA","000000"
"482",220000,"VOTOS EN BLANCO","16,092","TACNA","000000"
"483",220000,"VOTOS NULOS","9,784","TACNA","000000"
"484",220000,"TOTAL DE VOTOS EMITIDOS","220,145","TACNA","000000"
"485",230000,"PARTIDO NACIONALISTA PERUANO","1,027","TUMBES","000000"
"486",230000,"EL FRENTE AMPLIO POR JUSTICIA, VIDA Y LIBERTAD","554","TUMBES","000000"
"487",230000,"PARTIDO MORADO","1,249","TUMBES","000000"
"488",230000,"PERU PATRIA SEGURA","214","TUMBES","000000"
"489",230000,"VICTORIA NACIONAL","3,829","TUMBES","000000"
"490",230000,"ACCION POPULAR","7,046","TUMBES","000000"
"491",230000,"AVANZA PAIS - PARTIDO DE INTEGRACION SOCIAL","7,123","TUMBES","000000"
"492",230000,"PODEMOS PERU","5,201","TUMBES","000000"
"493",230000,"JUNTOS POR EL PERU","5,242","TUMBES","000000"
"494",230000,"PARTIDO POPULAR CRISTIANO - PPC","696","TUMBES","000000"
"495",230000,"FUERZA POPULAR","36,403","TUMBES","000000"
"496",230000,"UNION POR EL PERU","395","TUMBES","000000"
"497",230000,"RENOVACION POPULAR","8,799","TUMBES","000000"
"498",230000,"RENACIMIENTO UNIDO NACIONAL","274","TUMBES","000000"
"499",230000,"PARTIDO DEMOCRATICO SOMOS PERU","1,438","TUMBES","000000"
"500",230000,"PARTIDO POLITICO NACIONAL PERU LIBRE","7,613","TUMBES","000000"
"501",230000,"DEMOCRACIA DIRECTA","458","TUMBES","000000"
"502",230000,"ALIANZA PARA EL PROGRESO","10,680","TUMBES","000000"
"503",230000,"TOTAL DE VOTOS VÁLIDOS","98,241","TUMBES","000000"
"504",230000,"VOTOS EN BLANCO","16,156","TUMBES","000000"
"505",230000,"VOTOS NULOS","10,695","TUMBES","000000"
"506",230000,"TOTAL DE VOTOS EMITIDOS","125,092","TUMBES","000000"
"507",240000,"PARTIDO NACIONALISTA PERUANO","4,475","CALLAO","000000"
"508",240000,"EL FRENTE AMPLIO POR JUSTICIA, VIDA Y LIBERTAD","1,735","CALLAO","000000"
"509",240000,"PARTIDO MORADO","16,094","CALLAO","000000"
"510",240000,"PERU PATRIA SEGURA","2,781","CALLAO","000000"
"511",240000,"VICTORIA NACIONAL","44,171","CALLAO","000000"
"512",240000,"ACCION POPULAR","34,965","CALLAO","000000"
"513",240000,"AVANZA PAIS - PARTIDO DE INTEGRACION SOCIAL","78,920","CALLAO","000000"
"514",240000,"PODEMOS PERU","48,241","CALLAO","000000"
"515",240000,"JUNTOS POR EL PERU","38,233","CALLAO","000000"
"516",240000,"PARTIDO POPULAR CRISTIANO - PPC","21,947","CALLAO","000000"
"517",240000,"FUERZA POPULAR","79,699","CALLAO","000000"
"518",240000,"UNION POR EL PERU","2,569","CALLAO","000000"
"519",240000,"RENOVACION POPULAR","78,066","CALLAO","000000"
"520",240000,"RENACIMIENTO UNIDO NACIONAL","2,046","CALLAO","000000"
"521",240000,"PARTIDO DEMOCRATICO SOMOS PERU","9,446","CALLAO","000000"
"522",240000,"PARTIDO POLITICO NACIONAL PERU LIBRE","33,750","CALLAO","000000"
"523",240000,"DEMOCRACIA DIRECTA","2,212","CALLAO","000000"
"524",240000,"ALIANZA PARA EL PROGRESO","25,917","CALLAO","000000"
"525",240000,"TOTAL DE VOTOS VÁLIDOS","525,267","CALLAO","000000"
"526",240000,"VOTOS EN BLANCO","56,463","CALLAO","000000"
"527",240000,"VOTOS NULOS","38,510","CALLAO","000000"
"528",240000,"TOTAL DE VOTOS EMITIDOS","620,240","CALLAO","000000"
"529",250000,"PARTIDO NACIONALISTA PERUANO","3,199","UCAYALI","000000"
"530",250000,"EL FRENTE AMPLIO POR JUSTICIA, VIDA Y LIBERTAD","820","UCAYALI","000000"
"531",250000,"PARTIDO MORADO","2,268","UCAYALI","000000"
"532",250000,"PERU PATRIA SEGURA","630","UCAYALI","000000"
"533",250000,"VICTORIA NACIONAL","12,004","UCAYALI","000000"
"534",250000,"ACCION POPULAR","14,359","UCAYALI","000000"
"535",250000,"AVANZA PAIS - PARTIDO DE INTEGRACION SOCIAL","11,124","UCAYALI","000000"
"536",250000,"PODEMOS PERU","18,380","UCAYALI","000000"
"537",250000,"JUNTOS POR EL PERU","15,092","UCAYALI","000000"
"538",250000,"PARTIDO POPULAR CRISTIANO - PPC","2,207","UCAYALI","000000"
"539",250000,"FUERZA POPULAR","40,510","UCAYALI","000000"
"540",250000,"UNION POR EL PERU","2,562","UCAYALI","000000"
"541",250000,"RENOVACION POPULAR","14,981","UCAYALI","000000"
"542",250000,"RENACIMIENTO UNIDO NACIONAL","891","UCAYALI","000000"
"543",250000,"PARTIDO DEMOCRATICO SOMOS PERU","3,650","UCAYALI","000000"
"544",250000,"PARTIDO POLITICO NACIONAL PERU LIBRE","26,339","UCAYALI","000000"
"545",250000,"DEMOCRACIA DIRECTA","765","UCAYALI","000000"
"546",250000,"ALIANZA PARA EL PROGRESO","18,589","UCAYALI","000000"
"547",250000,"TOTAL DE VOTOS VÁLIDOS","188,370","UCAYALI","000000"
"548",250000,"VOTOS EN BLANCO","52,752","UCAYALI","000000"
"549",250000,"VOTOS NULOS","17,281","UCAYALI","000000"
"550",250000,"TOTAL DE VOTOS EMITIDOS","258,403","UCAYALI","000000"
